{
    "loss": 10.23576831817627,
    "accuracy": 0.5686274766921997
}